-- phpMyAdmin SQL Dump
-- version 4.0.10deb1
-- http://www.phpmyadmin.net
--
-- Host: localhost
-- Generation Time: Apr 11, 2016 at 03:38 PM
-- Server version: 5.5.47-0ubuntu0.14.04.1
-- PHP Version: 5.5.9-1ubuntu4.14

SET SQL_MODE = "NO_AUTO_VALUE_ON_ZERO";
SET time_zone = "+00:00";


/*!40101 SET @OLD_CHARACTER_SET_CLIENT=@@CHARACTER_SET_CLIENT */;
/*!40101 SET @OLD_CHARACTER_SET_RESULTS=@@CHARACTER_SET_RESULTS */;
/*!40101 SET @OLD_COLLATION_CONNECTION=@@COLLATION_CONNECTION */;
/*!40101 SET NAMES utf8 */;

--
-- Database: `NelisaSpaza`
--

-- --------------------------------------------------------

--
-- Table structure for table `categories`
--

CREATE TABLE IF NOT EXISTS `categories` (
  `id` int(11) NOT NULL AUTO_INCREMENT,
  `category_name` char(100) DEFAULT NULL,
  PRIMARY KEY (`id`),
  UNIQUE KEY `uc_category_name` (`category_name`)
) ENGINE=InnoDB  DEFAULT CHARSET=latin1 AUTO_INCREMENT=15 ;

--
-- Dumping data for table `categories`
--

INSERT INTO `categories` (`id`, `category_name`) VALUES
(9, 'cannedfood'),
(3, 'cold drinks'),
(7, 'confectionery'),
(1, 'dairy'),
(4, 'dry grocery'),
(6, 'fruits'),
(8, 'gifts'),
(2, 'grain products'),
(5, 'toiletries'),
(14, 'whiskey');

-- --------------------------------------------------------

--
-- Table structure for table `products`
--

CREATE TABLE IF NOT EXISTS `products` (
  `id` int(11) NOT NULL AUTO_INCREMENT,
  `product_name` char(100) DEFAULT NULL,
  `category_id` int(11) NOT NULL,
  PRIMARY KEY (`id`),
  UNIQUE KEY `uc_product_name` (`product_name`),
  KEY `category_id` (`category_id`)
) ENGINE=InnoDB  DEFAULT CHARSET=latin1 AUTO_INCREMENT=53 ;

--
-- Dumping data for table `products`
--

INSERT INTO `products` (`id`, `product_name`, `category_id`) VALUES
(1, 'Milk 1l', 1),
(2, 'Imasi', 1),
(3, 'Bread', 2),
(4, 'Chakalaka Can', 9),
(5, 'Gold Dish Vegetable Curry Can', 9),
(6, 'Fanta 500ml', 3),
(7, 'Coke 500ml', 3),
(8, 'Cream Soda 500ml', 3),
(9, 'Iwisa Pap 5kg', 4),
(10, 'Top Class Soy Mince', 4),
(11, 'Shampoo 1 litre', 5),
(12, 'Soap Bar', 5),
(13, 'Bananas - loose', 6),
(14, 'Apples - loose', 6),
(15, 'Mixed Sweets 5s', 7),
(16, 'Heart Chocolates', 7),
(17, 'Rose (plastic)', 8),
(18, 'Valentine Cards', 8),
(35, 'Lettuce', 9),
(39, 'Sausage', 2),
(43, 'Mango', 6),
(47, 'avacado', 6),
(50, 'tunna', 9);

-- --------------------------------------------------------

--
-- Table structure for table `purchases`
--

CREATE TABLE IF NOT EXISTS `purchases` (
  `id` int(11) NOT NULL AUTO_INCREMENT,
  `product_id` int(11) DEFAULT NULL,
  `supplier_id` int(11) DEFAULT NULL,
  `purchases_date` date DEFAULT NULL,
  `qty` int(11) DEFAULT NULL,
  `price` decimal(10,0) DEFAULT NULL,
  PRIMARY KEY (`id`),
  KEY `product_id` (`product_id`),
  KEY `supplier_id` (`supplier_id`)
) ENGINE=InnoDB  DEFAULT CHARSET=latin1 AUTO_INCREMENT=154 ;

--
-- Dumping data for table `purchases`
--

INSERT INTO `purchases` (`id`, `product_id`, `supplier_id`, `purchases_date`, `qty`, `price`) VALUES
(1, 4, 1, '2015-01-23', 3, 7),
(2, 7, 1, '2015-01-23', 3, 4),
(3, 8, 1, '2015-01-23', 4, 5),
(4, 6, 1, '2015-01-23', 2, 5),
(5, 5, 1, '2015-01-23', 2, 5),
(6, 2, 1, '2015-01-23', 1, 17),
(7, 9, 1, '2015-01-23', 3, 20),
(8, 1, 1, '2015-01-23', 4, 7),
(9, 10, 1, '2015-01-23', 5, 8),
(10, 13, 2, '2015-01-28', 4, 1),
(11, 14, 2, '2015-01-28', 10, 2),
(12, 15, 2, '2015-01-28', 60, 3),
(13, 11, 3, '2015-01-28', 1, 20),
(14, 12, 3, '2015-01-28', 3, 3),
(15, 3, 1, '2015-01-28', 30, 9),
(16, 4, 1, '2015-01-28', 15, 7),
(17, 7, 1, '2015-01-28', 36, 4),
(18, 8, 1, '2015-01-28', 24, 5),
(19, 6, 1, '2015-01-28', 24, 5),
(20, 5, 1, '2015-01-28', 15, 5),
(21, 2, 1, '2015-01-28', 15, 17),
(22, 9, 1, '2015-01-28', 15, 20),
(23, 1, 1, '2015-01-28', 25, 7),
(24, 10, 1, '2015-01-28', 10, 8),
(25, 11, 3, '2015-02-02', 1, 20),
(26, 12, 3, '2015-02-02', 3, 3),
(27, 13, 2, '2015-02-03', 12, 1),
(28, 14, 2, '2015-02-03', 100, 2),
(29, 15, 2, '2015-02-03', 240, 3),
(30, 11, 3, '2015-02-04', 2, 20),
(31, 12, 3, '2015-02-04', 5, 3),
(32, 3, 4, '2015-02-04', 4, 11),
(33, 2, 4, '2015-02-04', 4, 24),
(34, 13, 2, '2015-02-06', 8, 1),
(35, 14, 2, '2015-02-06', 100, 2),
(36, 15, 2, '2015-02-06', 150, 3),
(37, 12, 3, '2015-02-06', 5, 3),
(38, 3, 1, '2015-02-06', 30, 9),
(39, 4, 1, '2015-02-06', 15, 7),
(40, 7, 1, '2015-02-06', 36, 4),
(41, 8, 1, '2015-02-06', 18, 5),
(42, 6, 1, '2015-02-06', 24, 5),
(43, 5, 1, '2015-02-06', 15, 5),
(44, 2, 1, '2015-02-06', 25, 17),
(45, 9, 1, '2015-02-06', 5, 20),
(46, 1, 1, '2015-02-06', 10, 7),
(47, 10, 1, '2015-02-06', 10, 8),
(48, 17, 5, '2015-02-09', 20, 10),
(49, 1, 4, '2015-02-09', 3, 10),
(50, 13, 2, '2015-02-10', 4, 1),
(51, 14, 2, '2015-02-10', 20, 2),
(52, 15, 2, '2015-02-10', 150, 3),
(53, 3, 1, '2015-02-10', 10, 9),
(54, 4, 1, '2015-02-10', 15, 7),
(55, 7, 1, '2015-02-10', 18, 4),
(56, 5, 1, '2015-02-10', 5, 5),
(57, 16, 1, '2015-02-10', 20, 25),
(58, 2, 1, '2015-02-10', 10, 17),
(59, 9, 1, '2015-02-10', 5, 20),
(60, 1, 1, '2015-02-10', 10, 7),
(61, 10, 1, '2015-02-10', 15, 8),
(62, 11, 3, '2015-02-11', 2, 20),
(63, 18, 3, '2015-02-11', 20, 2),
(64, 1, 4, '2015-02-12', 3, 10),
(65, 13, 2, '2015-02-13', 4, 1),
(66, 15, 2, '2015-02-13', 50, 3),
(67, 11, 3, '2015-02-13', 3, 20),
(68, 12, 3, '2015-02-13', 5, 3),
(69, 5, 4, '2015-02-13', 5, 9),
(70, 3, 1, '2015-02-13', 5, 9),
(71, 7, 1, '2015-02-13', 12, 4),
(72, 6, 1, '2015-02-13', 12, 5),
(73, 2, 1, '2015-02-13', 20, 17),
(74, 1, 1, '2015-02-13', 15, 7),
(75, 10, 1, '2015-02-13', 5, 8),
(76, 11, 3, '2015-02-14', 1, 20),
(77, 5, 4, '2015-02-14', 2, 9),
(78, 4, 4, '2015-02-16', 2, 9),
(79, 8, 4, '2015-02-16', 2, 8),
(80, 6, 4, '2015-02-16', 1, 7),
(81, 5, 4, '2015-02-16', 2, 9),
(82, 9, 4, '2015-02-16', 1, 30),
(83, 1, 4, '2015-02-16', 6, 10),
(84, 14, 2, '2015-02-17', 60, 2),
(85, 15, 2, '2015-02-17', 12, 3),
(86, 3, 1, '2015-02-17', 15, 9),
(87, 4, 1, '2015-02-17', 10, 7),
(88, 7, 1, '2015-02-17', 24, 4),
(89, 8, 1, '2015-02-17', 12, 5),
(90, 6, 1, '2015-02-17', 12, 5),
(91, 5, 1, '2015-02-17', 10, 5),
(92, 2, 1, '2015-02-17', 15, 17),
(93, 9, 1, '2015-02-17', 5, 20),
(94, 1, 1, '2015-02-17', 15, 7),
(95, 10, 1, '2015-02-17', 5, 8),
(96, 11, 3, '2015-02-18', 1, 20),
(97, 12, 3, '2015-02-18', 5, 3),
(98, 11, 3, '2015-02-19', 2, 20),
(99, 1, 4, '2015-02-19', 1, 10),
(100, 13, 2, '2015-02-20', 20, 1),
(101, 14, 2, '2015-02-20', 90, 2),
(102, 15, 2, '2015-02-20', 20, 3),
(103, 11, 3, '2015-02-20', 2, 20),
(104, 12, 3, '2015-02-20', 3, 3),
(105, 3, 1, '2015-02-20', 10, 9),
(106, 2, 1, '2015-02-20', 10, 17),
(107, 9, 1, '2015-02-20', 5, 20),
(108, 1, 1, '2015-02-20', 15, 7),
(109, 10, 1, '2015-02-20', 10, 8),
(110, 4, 4, '2015-02-23', 3, 9),
(111, 13, 2, '2015-02-24', 10, 1),
(112, 14, 2, '2015-02-24', 90, 2),
(113, 15, 2, '2015-02-24', 8, 3),
(114, 3, 1, '2015-02-24', 15, 9),
(115, 4, 1, '2015-02-24', 10, 7),
(116, 7, 1, '2015-02-24', 18, 4),
(117, 8, 1, '2015-02-24', 6, 5),
(118, 6, 1, '2015-02-24', 6, 5),
(119, 5, 1, '2015-02-24', 10, 5),
(120, 2, 1, '2015-02-24', 15, 17),
(121, 1, 1, '2015-02-24', 20, 7),
(122, 10, 1, '2015-02-24', 15, 8),
(123, 12, 3, '2015-02-25', 5, 3),
(124, 11, 3, '2015-02-26', 2, 20),
(125, 12, 3, '2015-02-26', 5, 3),
(126, 3, 4, '2015-02-26', 1, 11),
(127, 6, 4, '2015-02-26', 2, 7),
(128, 5, 4, '2015-02-26', 1, 9),
(129, 9, 4, '2015-02-26', 1, 30),
(130, 13, 2, '2015-02-27', 10, 1),
(131, 14, 2, '2015-02-27', 60, 2),
(132, 11, 3, '2015-02-27', 5, 20),
(133, 12, 3, '2015-02-27', 5, 3),
(134, 3, 1, '2015-02-27', 20, 9),
(135, 4, 1, '2015-02-27', 15, 7),
(136, 7, 1, '2015-02-27', 24, 4),
(137, 8, 1, '2015-02-27', 12, 5),
(138, 6, 1, '2015-02-27', 12, 5),
(139, 5, 1, '2015-02-27', 15, 5),
(140, 2, 1, '2015-02-27', 15, 17),
(141, 9, 1, '2015-02-27', 10, 20),
(142, 1, 1, '2015-02-27', 20, 7),
(143, 10, 1, '2015-02-27', 15, 8),
(144, 11, 3, '2015-02-28', 2, 20),
(145, 12, 3, '2015-02-28', 3, 3),
(146, 4, 4, '2015-02-28', 3, 9),
(147, 5, 4, '2015-02-28', 2, 9),
(148, 10, 4, '2015-02-28', 5, 11),
(149, 11, 3, '2015-03-01', 2, 20),
(150, 12, 3, '2015-03-01', 5, 3),
(151, 4, 4, '2015-03-01', 3, 9),
(152, 5, 4, '2015-03-01', 2, 9),
(153, 10, 4, '2015-03-01', 3, 11);

-- --------------------------------------------------------

--
-- Table structure for table `sales_csv`
--

CREATE TABLE IF NOT EXISTS `sales_csv` (
  `day` varchar(20) NOT NULL,
  `date` date NOT NULL,
  `stock_item` varchar(45) NOT NULL,
  `no_sold` int(11) NOT NULL,
  `sales_price` decimal(10,2) NOT NULL
) ENGINE=InnoDB DEFAULT CHARSET=latin1;

--
-- Dumping data for table `sales_csv`
--

INSERT INTO `sales_csv` (`day`, `date`, `stock_item`, `no_sold`, `sales_price`) VALUES
('Sunday', '2015-02-01', 'Milk 1l', 3, 10.00),
('Sunday', '2015-02-01', 'Imasi', 1, 25.00),
('Sunday', '2015-02-01', 'Bread', 2, 12.00),
('Sunday', '2015-02-01', 'Chakalaka Can', 3, 10.00),
('Sunday', '2015-02-01', 'Gold Dish Vegetable Curry Can', 2, 9.00),
('Sunday', '2015-02-01', 'Fanta 500ml', 3, 6.50),
('Sunday', '2015-02-01', 'Coke 500ml', 2, 6.50),
('Sunday', '2015-02-01', 'Cream Soda 500ml', 2, 7.50),
('Sunday', '2015-02-01', 'Iwisa Pap 5kg', 0, 30.00),
('Sunday', '2015-02-01', 'Top Class Soy Mince', 2, 12.00),
('Sunday', '2015-02-01', 'Shampoo 1 litre', 1, 30.00),
('Sunday', '2015-02-01', 'Soap Bar', 0, 6.00),
('Sunday', '2015-02-01', 'Bananas - loose', 3, 2.00),
('Sunday', '2015-02-01', 'Apples - loose', 5, 2.00),
('Sunday', '2015-02-01', 'Mixed Sweets 5s', 9, 3.00),
('Monday', '2015-02-02', 'Milk 1l', 4, 10.00),
('Monday', '2015-02-02', 'Imasi', 4, 25.00),
('Monday', '2015-02-02', 'Bread', 5, 12.00),
('Monday', '2015-02-02', 'Chakalaka Can', 4, 10.00),
('Monday', '2015-02-02', 'Gold Dish Vegetable Curry Can', 5, 9.00),
('Monday', '2015-02-02', 'Fanta 500ml', 5, 6.50),
('Monday', '2015-02-02', 'Coke 500ml', 8, 6.50),
('Monday', '2015-02-02', 'Cream Soda 500ml', 4, 7.50),
('Monday', '2015-02-02', 'Iwisa Pap 5kg', 5, 30.00),
('Monday', '2015-02-02', 'Top Class Soy Mince', 3, 12.00),
('Monday', '2015-02-02', 'Shampoo 1 litre', 0, 30.00),
('Monday', '2015-02-02', 'Soap Bar', 2, 6.00),
('Monday', '2015-02-02', 'Bananas - loose', 0, 2.00),
('Monday', '2015-02-02', 'Apples - loose', 0, 2.00),
('Monday', '2015-02-02', 'Mixed Sweets 5s', 0, 3.00),
('Tuesday', '2015-02-03', 'Milk 1l', 7, 10.00),
('Tuesday', '2015-02-03', 'Imasi', 4, 25.00),
('Tuesday', '2015-02-03', 'Bread', 7, 12.00),
('Tuesday', '2015-02-03', 'Chakalaka Can', 4, 10.00),
('Tuesday', '2015-02-03', 'Gold Dish Vegetable Curry Can', 2, 9.00),
('Tuesday', '2015-02-03', 'Fanta 500ml', 5, 6.50),
('Tuesday', '2015-02-03', 'Coke 500ml', 8, 6.50),
('Tuesday', '2015-02-03', 'Cream Soda 500ml', 3, 7.50),
('Tuesday', '2015-02-03', 'Iwisa Pap 5kg', 3, 30.00),
('Tuesday', '2015-02-03', 'Top Class Soy Mince', 3, 12.00),
('Tuesday', '2015-02-03', 'Shampoo 1 litre', 0, 30.00),
('Tuesday', '2015-02-03', 'Soap Bar', 2, 6.00),
('Tuesday', '2015-02-03', 'Bananas - loose', 10, 2.00),
('Tuesday', '2015-02-03', 'Apples - loose', 8, 2.00),
('Tuesday', '2015-02-03', 'Mixed Sweets 5s', 15, 2.00),
('Wednesday', '2015-02-04', 'Milk 1l', 5, 10.00),
('Wednesday', '2015-02-04', 'Imasi', 8, 25.00),
('Wednesday', '2015-02-04', 'Bread', 8, 12.00),
('Wednesday', '2015-02-04', 'Chakalaka Can', 2, 10.00),
('Wednesday', '2015-02-04', 'Gold Dish Vegetable Curry Can', 0, 9.00),
('Wednesday', '2015-02-04', 'Fanta 500ml', 7, 6.50),
('Wednesday', '2015-02-04', 'Coke 500ml', 12, 6.50),
('Wednesday', '2015-02-04', 'Cream Soda 500ml', 2, 7.50),
('Wednesday', '2015-02-04', 'Iwisa Pap 5kg', 1, 30.00),
('Wednesday', '2015-02-04', 'Top Class Soy Mince', 4, 12.00),
('Wednesday', '2015-02-04', 'Shampoo 1 litre', 1, 30.00),
('Wednesday', '2015-02-04', 'Soap Bar', 3, 6.00),
('Wednesday', '2015-02-04', 'Bananas - loose', 16, 2.00),
('Wednesday', '2015-02-04', 'Apples - loose', 8, 2.00),
('Wednesday', '2015-02-04', 'Mixed Sweets 5s', 12, 2.00),
('Thursday', '2015-02-05', 'Milk 1l', 10, 10.00),
('Thursday', '2015-02-05', 'Imasi', 3, 25.00),
('Thursday', '2015-02-05', 'Bread', 12, 12.00),
('Thursday', '2015-02-05', 'Chakalaka Can', 3, 10.00),
('Thursday', '2015-02-05', 'Gold Dish Vegetable Curry Can', 6, 9.00),
('Thursday', '2015-02-05', 'Fanta 500ml', 3, 6.50),
('Thursday', '2015-02-05', 'Coke 500ml', 9, 6.50),
('Thursday', '2015-02-05', 'Cream Soda 500ml', 8, 7.50),
('Thursday', '2015-02-05', 'Iwisa Pap 5kg', 2, 30.00),
('Thursday', '2015-02-05', 'Top Class Soy Mince', 1, 12.00),
('Thursday', '2015-02-05', 'Shampoo 1 litre', 0, 30.00),
('Thursday', '2015-02-05', 'Soap Bar', 1, 6.00),
('Thursday', '2015-02-05', 'Bananas - loose', 8, 2.00),
('Thursday', '2015-02-05', 'Apples - loose', 12, 2.00),
('Thursday', '2015-02-05', 'Mixed Sweets 5s', 5, 3.00),
('Friday', '2015-02-06', 'Milk 1l', 6, 10.00),
('Friday', '2015-02-06', 'Imasi', 4, 25.00),
('Friday', '2015-02-06', 'Bread', 7, 12.00),
('Friday', '2015-02-06', 'Chakalaka Can', 5, 10.00),
('Friday', '2015-02-06', 'Gold Dish Vegetable Curry Can', 2, 9.00),
('Friday', '2015-02-06', 'Fanta 500ml', 7, 6.50),
('Friday', '2015-02-06', 'Coke 500ml', 8, 6.50),
('Friday', '2015-02-06', 'Cream Soda 500ml', 3, 7.50),
('Friday', '2015-02-06', 'Iwisa Pap 5kg', 6, 30.00),
('Friday', '2015-02-06', 'Top Class Soy Mince', 8, 12.00),
('Friday', '2015-02-06', 'Shampoo 1 litre', 1, 30.00),
('Friday', '2015-02-06', 'Soap Bar', 3, 6.00),
('Friday', '2015-02-06', 'Bananas - loose', 2, 2.00),
('Friday', '2015-02-06', 'Apples - loose', 0, 2.00),
('Friday', '2015-02-06', 'Mixed Sweets 5s', 5, 3.00),
('Saturday', '2015-02-07', 'Milk 1l', 4, 10.00),
('Saturday', '2015-02-07', 'Imasi', 6, 25.00),
('Saturday', '2015-02-07', 'Bread', 4, 12.00),
('Saturday', '2015-02-07', 'Chakalaka Can', 2, 10.00),
('Saturday', '2015-02-07', 'Gold Dish Vegetable Curry Can', 0, 9.00),
('Saturday', '2015-02-07', 'Fanta 500ml', 3, 6.50),
('Saturday', '2015-02-07', 'Coke 500ml', 7, 6.50),
('Saturday', '2015-02-07', 'Cream Soda 500ml', 0, 7.50),
('Saturday', '2015-02-07', 'Iwisa Pap 5kg', 0, 30.00),
('Saturday', '2015-02-07', 'Top Class Soy Mince', 1, 12.00),
('Saturday', '2015-02-07', 'Shampoo 1 litre', 0, 30.00),
('Saturday', '2015-02-07', 'Soap Bar', 1, 6.00),
('Saturday', '2015-02-07', 'Bananas - loose', 8, 2.00),
('Saturday', '2015-02-07', 'Apples - loose', 3, 2.00),
('Saturday', '2015-02-07', 'Mixed Sweets 5s', 3, 3.00),
('Sunday', '2015-02-08', 'Milk 1l', 0, 10.00),
('Sunday', '2015-02-08', 'Imasi', 2, 25.00),
('Sunday', '2015-02-08', 'Bread', 2, 12.00),
('Sunday', '2015-02-08', 'Chakalaka Can', 1, 10.00),
('Sunday', '2015-02-08', 'Gold Dish Vegetable Curry Can', 0, 9.00),
('Sunday', '2015-02-08', 'Fanta 500ml', 4, 6.50),
('Sunday', '2015-02-08', 'Coke 500ml', 4, 6.50),
('Sunday', '2015-02-08', 'Cream Soda 500ml', 1, 7.50),
('Sunday', '2015-02-08', 'Iwisa Pap 5kg', 1, 30.00),
('Sunday', '2015-02-08', 'Top Class Soy Mince', 2, 12.00),
('Sunday', '2015-02-08', 'Shampoo 1 litre', 0, 30.00),
('Sunday', '2015-02-08', 'Soap Bar', 1, 6.00),
('Sunday', '2015-02-08', 'Bananas - loose', 5, 2.00),
('Sunday', '2015-02-08', 'Apples - loose', 2, 2.00),
('Sunday', '2015-02-08', 'Mixed Sweets 5s', 9, 3.00),
('Monday', '2015-02-09', 'Milk 1l', 3, 10.00),
('Monday', '2015-02-09', 'Imasi', 6, 25.00),
('Monday', '2015-02-09', 'Bread', 7, 12.00),
('Monday', '2015-02-09', 'Chakalaka Can', 5, 10.00),
('Monday', '2015-02-09', 'Gold Dish Vegetable Curry Can', 6, 9.00),
('Monday', '2015-02-09', 'Fanta 500ml', 3, 6.50),
('Monday', '2015-02-09', 'Coke 500ml', 8, 6.50),
('Monday', '2015-02-09', 'Cream Soda 500ml', 5, 7.50),
('Monday', '2015-02-09', 'Iwisa Pap 5kg', 2, 30.00),
('Monday', '2015-02-09', 'Top Class Soy Mince', 1, 12.00),
('Monday', '2015-02-09', 'Shampoo 1 litre', 0, 30.00),
('Monday', '2015-02-09', 'Soap Bar', 0, 6.00),
('Monday', '2015-02-09', 'Bananas - loose', 5, 2.00),
('Monday', '2015-02-09', 'Apples - loose', 0, 2.00),
('Monday', '2015-02-09', 'Mixed Sweets 5s', 3, 3.00),
('Tuesday', '2015-02-10', 'Milk 1l', 5, 10.00),
('Tuesday', '2015-02-10', 'Imasi', 4, 25.00),
('Tuesday', '2015-02-10', 'Bread', 2, 12.00),
('Tuesday', '2015-02-10', 'Chakalaka Can', 0, 10.00),
('Tuesday', '2015-02-10', 'Gold Dish Vegetable Curry Can', 0, 9.00),
('Tuesday', '2015-02-10', 'Fanta 500ml', 1, 6.50),
('Tuesday', '2015-02-10', 'Coke 500ml', 3, 6.50),
('Tuesday', '2015-02-10', 'Cream Soda 500ml', 2, 7.50),
('Tuesday', '2015-02-10', 'Iwisa Pap 5kg', 1, 30.00),
('Tuesday', '2015-02-10', 'Top Class Soy Mince', 3, 12.00),
('Tuesday', '2015-02-10', 'Shampoo 1 litre', 1, 30.00),
('Tuesday', '2015-02-10', 'Soap Bar', 0, 6.00),
('Tuesday', '2015-02-10', 'Bananas - loose', 3, 2.00),
('Tuesday', '2015-02-10', 'Apples - loose', 2, 2.00),
('Tuesday', '2015-02-10', 'Mixed Sweets 5s', 7, 2.00),
('Tuesday', '2015-02-10', 'Heart Chocolates', 3, 35.00),
('Tuesday', '2015-02-10', 'Rose (plastic)', 1, 15.00),
('Wednesday', '2015-02-11', 'Milk 1l', 5, 10.00),
('Wednesday', '2015-02-11', 'Imasi', 4, 25.00),
('Wednesday', '2015-02-11', 'Bread', 3, 12.00),
('Wednesday', '2015-02-11', 'Chakalaka Can', 2, 10.00),
('Wednesday', '2015-02-11', 'Gold Dish Vegetable Curry Can', 1, 9.00),
('Wednesday', '2015-02-11', 'Fanta 500ml', 2, 6.50),
('Wednesday', '2015-02-11', 'Coke 500ml', 3, 6.50),
('Wednesday', '2015-02-11', 'Cream Soda 500ml', 1, 7.50),
('Wednesday', '2015-02-11', 'Iwisa Pap 5kg', 0, 30.00),
('Wednesday', '2015-02-11', 'Top Class Soy Mince', 2, 12.00),
('Wednesday', '2015-02-11', 'Shampoo 1 litre', 1, 30.00),
('Wednesday', '2015-02-11', 'Soap Bar', 0, 6.00),
('Wednesday', '2015-02-11', 'Bananas - loose', 4, 2.00),
('Wednesday', '2015-02-11', 'Apples - loose', 3, 2.00),
('Wednesday', '2015-02-11', 'Mixed Sweets 5s', 8, 2.00),
('Wednesday', '2015-02-11', 'Heart Chocolates', 5, 35.00),
('Wednesday', '2015-02-11', 'Rose (plastic)', 3, 15.00),
('Thursday', '2015-02-12', 'Milk 1l', 3, 10.00),
('Thursday', '2015-02-12', 'Imasi', 9, 25.00),
('Thursday', '2015-02-12', 'Bread', 2, 12.00),
('Thursday', '2015-02-12', 'Chakalaka Can', 3, 10.00),
('Thursday', '2015-02-12', 'Gold Dish Vegetable Curry Can', 1, 9.00),
('Thursday', '2015-02-12', 'Fanta 500ml', 0, 6.50),
('Thursday', '2015-02-12', 'Coke 500ml', 2, 6.50),
('Thursday', '2015-02-12', 'Cream Soda 500ml', 1, 7.50),
('Thursday', '2015-02-12', 'Iwisa Pap 5kg', 0, 30.00),
('Thursday', '2015-02-12', 'Top Class Soy Mince', 2, 12.00),
('Thursday', '2015-02-12', 'Shampoo 1 litre', 0, 30.00),
('Thursday', '2015-02-12', 'Soap Bar', 2, 6.00),
('Thursday', '2015-02-12', 'Bananas - loose', 2, 2.00),
('Thursday', '2015-02-12', 'Apples - loose', 3, 2.00),
('Thursday', '2015-02-12', 'Mixed Sweets 5s', 3, 3.00),
('Thursday', '2015-02-12', 'Heart Chocolates', 2, 35.00),
('Thursday', '2015-02-12', 'Valentine Cards', 6, 4.00),
('Thursday', '2015-02-12', 'Rose (plastic)', 2, 15.00),
('Friday', '2015-02-13', 'Milk 1l', 6, 10.00),
('Friday', '2015-02-13', 'Imasi', 6, 25.00),
('Friday', '2015-02-13', 'Bread', 5, 12.00),
('Friday', '2015-02-13', 'Chakalaka Can', 7, 10.00),
('Friday', '2015-02-13', 'Gold Dish Vegetable Curry Can', 15, 9.00),
('Friday', '2015-02-13', 'Fanta 500ml', 6, 6.50),
('Friday', '2015-02-13', 'Coke 500ml', 8, 6.50),
('Friday', '2015-02-13', 'Cream Soda 500ml', 4, 7.50),
('Friday', '2015-02-13', 'Iwisa Pap 5kg', 3, 30.00),
('Friday', '2015-02-13', 'Top Class Soy Mince', 4, 12.00),
('Friday', '2015-02-13', 'Shampoo 1 litre', 4, 30.00),
('Friday', '2015-02-13', 'Soap Bar', 2, 6.00),
('Friday', '2015-02-13', 'Bananas - loose', 4, 2.00),
('Friday', '2015-02-13', 'Apples - loose', 2, 2.00),
('Friday', '2015-02-13', 'Mixed Sweets 5s', 6, 3.00),
('Friday', '2015-02-13', 'Heart Chocolates', 10, 35.00),
('Friday', '2015-02-13', 'Valentine Cards', 5, 4.00),
('Friday', '2015-02-13', 'Rose (plastic)', 7, 15.00),
('Saturday', '2015-02-14', 'Milk 1l', 6, 10.00),
('Saturday', '2015-02-14', 'Imasi', 5, 25.00),
('Saturday', '2015-02-14', 'Bread', 7, 12.00),
('Saturday', '2015-02-14', 'Chakalaka Can', 3, 10.00),
('Saturday', '2015-02-14', 'Gold Dish Vegetable Curry Can', 4, 9.00),
('Saturday', '2015-02-14', 'Fanta 500ml', 7, 6.50),
('Saturday', '2015-02-14', 'Coke 500ml', 14, 6.50),
('Saturday', '2015-02-14', 'Cream Soda 500ml', 8, 7.50),
('Saturday', '2015-02-14', 'Iwisa Pap 5kg', 3, 30.00),
('Saturday', '2015-02-14', 'Top Class Soy Mince', 7, 12.00),
('Saturday', '2015-02-14', 'Shampoo 1 litre', 0, 30.00),
('Saturday', '2015-02-14', 'Soap Bar', 0, 6.00),
('Saturday', '2015-02-14', 'Bananas - loose', 5, 2.00),
('Saturday', '2015-02-14', 'Apples - loose', 9, 2.00),
('Saturday', '2015-02-14', 'Mixed Sweets 5s', 18, 3.00),
('Saturday', '2015-02-14', 'Heart Chocolates', 0, 35.00),
('Saturday', '2015-02-14', 'Valentine Cards', 3, 4.00),
('Saturday', '2015-02-14', 'Rose (plastic)', 1, 15.00),
('Sunday', '2015-02-15', 'Milk 1l', 2, 10.00),
('Sunday', '2015-02-15', 'Imasi', 2, 25.00),
('Sunday', '2015-02-15', 'Bread', 1, 12.00),
('Sunday', '2015-02-15', 'Chakalaka Can', 3, 10.00),
('Sunday', '2015-02-15', 'Gold Dish Vegetable Curry Can', 0, 9.00),
('Sunday', '2015-02-15', 'Fanta 500ml', 5, 6.50),
('Sunday', '2015-02-15', 'Coke 500ml', 4, 6.50),
('Sunday', '2015-02-15', 'Cream Soda 500ml', 2, 7.50),
('Sunday', '2015-02-15', 'Iwisa Pap 5kg', 0, 30.00),
('Sunday', '2015-02-15', 'Top Class Soy Mince', 1, 12.00),
('Sunday', '2015-02-15', 'Shampoo 1 litre', 0, 30.00),
('Sunday', '2015-02-15', 'Soap Bar', 1, 6.00),
('Sunday', '2015-02-15', 'Bananas - loose', 1, 2.00),
('Sunday', '2015-02-15', 'Apples - loose', 1, 2.00),
('Sunday', '2015-02-15', 'Mixed Sweets 5s', 3, 3.00),
('Monday', '2015-02-16', 'Milk 1l', 7, 10.00),
('Monday', '2015-02-16', 'Imasi', 6, 25.00),
('Monday', '2015-02-16', 'Bread', 4, 12.00),
('Monday', '2015-02-16', 'Chakalaka Can', 3, 10.00),
('Monday', '2015-02-16', 'Gold Dish Vegetable Curry Can', 2, 9.00),
('Monday', '2015-02-16', 'Fanta 500ml', 2, 6.50),
('Monday', '2015-02-16', 'Coke 500ml', 1, 6.50),
('Monday', '2015-02-16', 'Cream Soda 500ml', 2, 7.50),
('Monday', '2015-02-16', 'Iwisa Pap 5kg', 2, 30.00),
('Monday', '2015-02-16', 'Top Class Soy Mince', 1, 12.00),
('Monday', '2015-02-16', 'Shampoo 1 litre', 0, 30.00),
('Monday', '2015-02-16', 'Soap Bar', 2, 6.00),
('Monday', '2015-02-16', 'Bananas - loose', 2, 2.00),
('Monday', '2015-02-16', 'Apples - loose', 3, 2.00),
('Monday', '2015-02-16', 'Mixed Sweets 5s', 5, 3.00),
('Tuesday', '2015-02-17', 'Milk 1l', 8, 10.00),
('Tuesday', '2015-02-17', 'Imasi', 6, 25.00),
('Tuesday', '2015-02-17', 'Bread', 3, 12.00),
('Tuesday', '2015-02-17', 'Chakalaka Can', 0, 10.00),
('Tuesday', '2015-02-17', 'Gold Dish Vegetable Curry Can', 0, 9.00),
('Tuesday', '2015-02-17', 'Fanta 500ml', 0, 6.50),
('Tuesday', '2015-02-17', 'Coke 500ml', 2, 6.50),
('Tuesday', '2015-02-17', 'Cream Soda 500ml', 0, 7.50),
('Tuesday', '2015-02-17', 'Iwisa Pap 5kg', 1, 30.00),
('Tuesday', '2015-02-17', 'Top Class Soy Mince', 2, 12.00),
('Tuesday', '2015-02-17', 'Shampoo 1 litre', 0, 30.00),
('Tuesday', '2015-02-17', 'Soap Bar', 1, 6.00),
('Tuesday', '2015-02-17', 'Bananas - loose', 2, 2.00),
('Tuesday', '2015-02-17', 'Apples - loose', 6, 2.00),
('Tuesday', '2015-02-17', 'Mixed Sweets 5s', 5, 2.00),
('Wednesday', '2015-02-18', 'Milk 1l', 3, 10.00),
('Wednesday', '2015-02-18', 'Imasi', 5, 25.00),
('Wednesday', '2015-02-18', 'Bread', 5, 12.00),
('Wednesday', '2015-02-18', 'Chakalaka Can', 1, 10.00),
('Wednesday', '2015-02-18', 'Gold Dish Vegetable Curry Can', 0, 9.00),
('Wednesday', '2015-02-18', 'Fanta 500ml', 0, 6.50),
('Wednesday', '2015-02-18', 'Coke 500ml', 3, 6.50),
('Wednesday', '2015-02-18', 'Cream Soda 500ml', 2, 7.50),
('Wednesday', '2015-02-18', 'Iwisa Pap 5kg', 1, 30.00),
('Wednesday', '2015-02-18', 'Top Class Soy Mince', 1, 12.00),
('Wednesday', '2015-02-18', 'Shampoo 1 litre', 1, 30.00),
('Wednesday', '2015-02-18', 'Soap Bar', 1, 6.00),
('Wednesday', '2015-02-18', 'Bananas - loose', 1, 2.00),
('Wednesday', '2015-02-18', 'Apples - loose', 3, 2.00),
('Wednesday', '2015-02-18', 'Mixed Sweets 5s', 2, 2.00),
('Thursday', '2015-02-19', 'Milk 1l', 5, 10.00),
('Thursday', '2015-02-19', 'Imasi', 3, 25.00),
('Thursday', '2015-02-19', 'Bread', 5, 12.00),
('Thursday', '2015-02-19', 'Chakalaka Can', 2, 10.00),
('Thursday', '2015-02-19', 'Gold Dish Vegetable Curry Can', 1, 9.00),
('Thursday', '2015-02-19', 'Fanta 500ml', 1, 6.50),
('Thursday', '2015-02-19', 'Coke 500ml', 1, 6.50),
('Thursday', '2015-02-19', 'Cream Soda 500ml', 0, 7.50),
('Thursday', '2015-02-19', 'Iwisa Pap 5kg', 0, 30.00),
('Thursday', '2015-02-19', 'Top Class Soy Mince', 2, 12.00),
('Thursday', '2015-02-19', 'Shampoo 1 litre', 2, 30.00),
('Thursday', '2015-02-19', 'Soap Bar', 0, 6.00),
('Thursday', '2015-02-19', 'Bananas - loose', 3, 2.00),
('Thursday', '2015-02-19', 'Apples - loose', 5, 2.00),
('Thursday', '2015-02-19', 'Mixed Sweets 5s', 4, 3.00),
('Friday', '2015-02-20', 'Milk 1l', 4, 10.00),
('Friday', '2015-02-20', 'Imasi', 2, 25.00),
('Friday', '2015-02-20', 'Bread', 3, 12.00),
('Friday', '2015-02-20', 'Chakalaka Can', 5, 10.00),
('Friday', '2015-02-20', 'Gold Dish Vegetable Curry Can', 3, 9.00),
('Friday', '2015-02-20', 'Fanta 500ml', 3, 6.50),
('Friday', '2015-02-20', 'Coke 500ml', 5, 6.50),
('Friday', '2015-02-20', 'Cream Soda 500ml', 6, 7.50),
('Friday', '2015-02-20', 'Iwisa Pap 5kg', 0, 30.00),
('Friday', '2015-02-20', 'Top Class Soy Mince', 3, 12.00),
('Friday', '2015-02-20', 'Shampoo 1 litre', 1, 30.00),
('Friday', '2015-02-20', 'Soap Bar', 3, 6.00),
('Friday', '2015-02-20', 'Bananas - loose', 6, 2.00),
('Friday', '2015-02-20', 'Apples - loose', 4, 2.00),
('Friday', '2015-02-20', 'Mixed Sweets 5s', 8, 3.00),
('Saturday', '2015-02-21', 'Milk 1l', 1, 10.00),
('Saturday', '2015-02-21', 'Imasi', 1, 25.00),
('Saturday', '2015-02-21', 'Bread', 3, 12.00),
('Saturday', '2015-02-21', 'Chakalaka Can', 3, 10.00),
('Saturday', '2015-02-21', 'Gold Dish Vegetable Curry Can', 2, 9.00),
('Saturday', '2015-02-21', 'Fanta 500ml', 3, 6.50),
('Saturday', '2015-02-21', 'Coke 500ml', 2, 6.50),
('Saturday', '2015-02-21', 'Cream Soda 500ml', 0, 7.50),
('Saturday', '2015-02-21', 'Iwisa Pap 5kg', 0, 30.00),
('Saturday', '2015-02-21', 'Top Class Soy Mince', 2, 12.00),
('Saturday', '2015-02-21', 'Shampoo 1 litre', 0, 30.00),
('Saturday', '2015-02-21', 'Soap Bar', 0, 6.00),
('Saturday', '2015-02-21', 'Bananas - loose', 2, 2.00),
('Saturday', '2015-02-21', 'Apples - loose', 3, 2.00),
('Saturday', '2015-02-21', 'Mixed Sweets 5s', 2, 3.00),
('Sunday', '2015-02-22', 'Milk 1l', 2, 10.00),
('Sunday', '2015-02-22', 'Imasi', 2, 25.00),
('Sunday', '2015-02-22', 'Bread', 3, 12.00),
('Sunday', '2015-02-22', 'Chakalaka Can', 0, 10.00),
('Sunday', '2015-02-22', 'Gold Dish Vegetable Curry Can', 1, 9.00),
('Sunday', '2015-02-22', 'Fanta 500ml', 2, 6.50),
('Sunday', '2015-02-22', 'Coke 500ml', 0, 6.50),
('Sunday', '2015-02-22', 'Cream Soda 500ml', 0, 7.50),
('Sunday', '2015-02-22', 'Iwisa Pap 5kg', 0, 30.00),
('Sunday', '2015-02-22', 'Top Class Soy Mince', 0, 12.00),
('Sunday', '2015-02-22', 'Shampoo 1 litre', 0, 30.00),
('Sunday', '2015-02-22', 'Soap Bar', 1, 6.00),
('Sunday', '2015-02-22', 'Bananas - loose', 0, 2.00),
('Sunday', '2015-02-22', 'Apples - loose', 1, 2.00),
('Sunday', '2015-02-22', 'Mixed Sweets 5s', 3, 3.00),
('Monday', '2015-02-23', 'Milk 1l', 8, 10.00),
('Monday', '2015-02-23', 'Imasi', 6, 25.00),
('Monday', '2015-02-23', 'Bread', 2, 12.00),
('Monday', '2015-02-23', 'Chakalaka Can', 2, 10.00),
('Monday', '2015-02-23', 'Gold Dish Vegetable Curry Can', 1, 9.00),
('Monday', '2015-02-23', 'Fanta 500ml', 1, 6.50),
('Monday', '2015-02-23', 'Coke 500ml', 3, 6.50),
('Monday', '2015-02-23', 'Cream Soda 500ml', 0, 7.50),
('Monday', '2015-02-23', 'Iwisa Pap 5kg', 2, 30.00),
('Monday', '2015-02-23', 'Top Class Soy Mince', 1, 12.00),
('Monday', '2015-02-23', 'Shampoo 1 litre', 0, 30.00),
('Monday', '2015-02-23', 'Soap Bar', 0, 6.00),
('Monday', '2015-02-23', 'Bananas - loose', 2, 2.00),
('Monday', '2015-02-23', 'Apples - loose', 1, 2.00),
('Monday', '2015-02-23', 'Mixed Sweets 5s', 3, 3.00),
('Tuesday', '2015-02-24', 'Milk 1l', 4, 10.00),
('Tuesday', '2015-02-24', 'Imasi', 2, 25.00),
('Tuesday', '2015-02-24', 'Bread', 6, 12.00),
('Tuesday', '2015-02-24', 'Chakalaka Can', 1, 10.00),
('Tuesday', '2015-02-24', 'Gold Dish Vegetable Curry Can', 2, 9.00),
('Tuesday', '2015-02-24', 'Fanta 500ml', 1, 6.50),
('Tuesday', '2015-02-24', 'Coke 500ml', 2, 6.50),
('Tuesday', '2015-02-24', 'Cream Soda 500ml', 1, 7.50),
('Tuesday', '2015-02-24', 'Iwisa Pap 5kg', 1, 30.00),
('Tuesday', '2015-02-24', 'Top Class Soy Mince', 2, 12.00),
('Tuesday', '2015-02-24', 'Shampoo 1 litre', 0, 30.00),
('Tuesday', '2015-02-24', 'Soap Bar', 1, 6.00),
('Tuesday', '2015-02-24', 'Bananas - loose', 5, 2.00),
('Tuesday', '2015-02-24', 'Apples - loose', 3, 2.00),
('Tuesday', '2015-02-24', 'Mixed Sweets 5s', 7, 2.00),
('Wednesday', '2015-02-25', 'Milk 1l', 8, 10.00),
('Wednesday', '2015-02-25', 'Imasi', 6, 25.00),
('Wednesday', '2015-02-25', 'Bread', 7, 12.00),
('Wednesday', '2015-02-25', 'Chakalaka Can', 5, 10.00),
('Wednesday', '2015-02-25', 'Gold Dish Vegetable Curry Can', 4, 9.00),
('Wednesday', '2015-02-25', 'Fanta 500ml', 6, 6.50),
('Wednesday', '2015-02-25', 'Coke 500ml', 8, 6.50),
('Wednesday', '2015-02-25', 'Cream Soda 500ml', 5, 7.50),
('Wednesday', '2015-02-25', 'Iwisa Pap 5kg', 3, 30.00),
('Wednesday', '2015-02-25', 'Top Class Soy Mince', 7, 12.00),
('Wednesday', '2015-02-25', 'Shampoo 1 litre', 1, 30.00),
('Wednesday', '2015-02-25', 'Soap Bar', 4, 6.00),
('Wednesday', '2015-02-25', 'Bananas - loose', 2, 2.00),
('Wednesday', '2015-02-25', 'Apples - loose', 8, 2.00),
('Wednesday', '2015-02-25', 'Mixed Sweets 5s', 5, 2.00),
('Thursday', '2015-02-26', 'Milk 1l', 8, 10.00),
('Thursday', '2015-02-26', 'Imasi', 8, 25.00),
('Thursday', '2015-02-26', 'Bread', 5, 12.00),
('Thursday', '2015-02-26', 'Chakalaka Can', 3, 10.00),
('Thursday', '2015-02-26', 'Gold Dish Vegetable Curry Can', 7, 9.00),
('Thursday', '2015-02-26', 'Fanta 500ml', 3, 6.50),
('Thursday', '2015-02-26', 'Coke 500ml', 7, 6.50),
('Thursday', '2015-02-26', 'Cream Soda 500ml', 4, 7.50),
('Thursday', '2015-02-26', 'Iwisa Pap 5kg', 3, 30.00),
('Thursday', '2015-02-26', 'Top Class Soy Mince', 8, 12.00),
('Thursday', '2015-02-26', 'Shampoo 1 litre', 0, 30.00),
('Thursday', '2015-02-26', 'Soap Bar', 3, 6.00),
('Thursday', '2015-02-26', 'Bananas - loose', 2, 2.00),
('Thursday', '2015-02-26', 'Apples - loose', 3, 2.00),
('Thursday', '2015-02-26', 'Mixed Sweets 5s', 1, 3.00),
('Friday', '2015-02-27', 'Milk 1l', 8, 10.00),
('Friday', '2015-02-27', 'Imasi', 5, 25.00),
('Friday', '2015-02-27', 'Bread', 3, 12.00),
('Friday', '2015-02-27', 'Chakalaka Can', 12, 10.00),
('Friday', '2015-02-27', 'Gold Dish Vegetable Curry Can', 9, 9.00),
('Friday', '2015-02-27', 'Fanta 500ml', 6, 6.50),
('Friday', '2015-02-27', 'Coke 500ml', 18, 6.50),
('Friday', '2015-02-27', 'Cream Soda 500ml', 3, 7.50),
('Friday', '2015-02-27', 'Iwisa Pap 5kg', 4, 30.00),
('Friday', '2015-02-27', 'Top Class Soy Mince', 12, 12.00),
('Friday', '2015-02-27', 'Shampoo 1 litre', 5, 30.00),
('Friday', '2015-02-27', 'Soap Bar', 3, 6.00),
('Friday', '2015-02-27', 'Bananas - loose', 1, 2.00),
('Friday', '2015-02-27', 'Apples - loose', 3, 2.00),
('Friday', '2015-02-27', 'Mixed Sweets 5s', 1, 3.00),
('Saturday', '2015-02-28', 'Milk 1l', 3, 10.00),
('Saturday', '2015-02-28', 'Imasi', 2, 25.00),
('Saturday', '2015-02-28', 'Bread', 4, 12.00),
('Saturday', '2015-02-28', 'Chakalaka Can', 5, 10.00),
('Saturday', '2015-02-28', 'Gold Dish Vegetable Curry Can', 6, 9.00),
('Saturday', '2015-02-28', 'Fanta 500ml', 3, 6.50),
('Saturday', '2015-02-28', 'Coke 500ml', 4, 6.50),
('Saturday', '2015-02-28', 'Cream Soda 500ml', 6, 7.50),
('Saturday', '2015-02-28', 'Iwisa Pap 5kg', 2, 30.00),
('Saturday', '2015-02-28', 'Top Class Soy Mince', 9, 12.00),
('Saturday', '2015-02-28', 'Shampoo 1 litre', 4, 30.00),
('Saturday', '2015-02-28', 'Soap Bar', 7, 6.00),
('Saturday', '2015-02-28', 'Bananas - loose', 6, 2.00),
('Saturday', '2015-02-28', 'Apples - loose', 8, 2.00),
('Saturday', '2015-02-28', 'Mixed Sweets 5s', 8, 3.00),
('Sunday', '2015-01-03', 'Milk 1l', 4, 10.00),
('Sunday', '2015-01-03', 'Imasi', 3, 25.00),
('Sunday', '2015-01-03', 'Bread', 3, 12.00),
('Sunday', '2015-01-03', 'Chakalaka Can', 5, 10.00),
('Sunday', '2015-01-03', 'Gold Dish Vegetable Curry Can', 4, 9.00),
('Sunday', '2015-01-03', 'Fanta 500ml', 2, 6.50),
('Sunday', '2015-01-03', 'Coke 500ml', 3, 6.50),
('Sunday', '2015-01-03', 'Cream Soda 500ml', 0, 7.50),
('Sunday', '2015-01-03', 'Iwisa Pap 5kg', 1, 30.00),
('Sunday', '2015-01-03', 'Top Class Soy Mince', 4, 12.00),
('Sunday', '2015-01-03', 'Shampoo 1 litre', 3, 30.00),
('Sunday', '2015-01-03', 'Soap Bar', 6, 6.00),
('Sunday', '2015-01-03', 'Bananas - loose', 4, 2.00),
('Sunday', '2015-01-03', 'Apples - loose', 5, 2.00),
('Sunday', '2015-01-03', 'Mixed Sweets 5s', 12, 3.00);

-- --------------------------------------------------------

--
-- Table structure for table `sales_table`
--

CREATE TABLE IF NOT EXISTS `sales_table` (
  `id` int(11) NOT NULL AUTO_INCREMENT,
  `price` int(11) NOT NULL,
  `qty` int(11) DEFAULT NULL,
  `sales_date` date DEFAULT NULL,
  `product_id` int(11) DEFAULT NULL,
  PRIMARY KEY (`id`),
  KEY `product_id` (`product_id`)
) ENGINE=InnoDB  DEFAULT CHARSET=latin1 AUTO_INCREMENT=512 ;

--
-- Dumping data for table `sales_table`
--

INSERT INTO `sales_table` (`id`, `price`, `qty`, `sales_date`, `product_id`) VALUES
(1, 10, 3, '2015-02-01', 1),
(2, 25, 1, '2015-02-01', 2),
(3, 12, 2, '2015-02-01', 3),
(4, 10, 3, '2015-02-01', 4),
(5, 9, 2, '2015-02-01', 5),
(6, 7, 3, '2015-02-01', 6),
(7, 7, 2, '2015-02-01', 7),
(8, 8, 2, '2015-02-01', 8),
(9, 30, 0, '2015-02-01', 9),
(10, 12, 2, '2015-02-01', 10),
(11, 30, 1, '2015-02-01', 11),
(12, 6, 0, '2015-02-01', 12),
(13, 2, 3, '2015-02-01', 13),
(14, 2, 5, '2015-02-01', 14),
(15, 3, 9, '2015-02-01', 15),
(16, 10, 4, '2015-02-02', 1),
(17, 25, 4, '2015-02-02', 2),
(18, 12, 5, '2015-02-02', 3),
(19, 10, 4, '2015-02-02', 4),
(20, 9, 5, '2015-02-02', 5),
(21, 7, 5, '2015-02-02', 6),
(22, 7, 8, '2015-02-02', 7),
(23, 8, 4, '2015-02-02', 8),
(24, 30, 5, '2015-02-02', 9),
(25, 12, 3, '2015-02-02', 10),
(26, 30, 0, '2015-02-02', 11),
(27, 6, 2, '2015-02-02', 12),
(28, 2, 0, '2015-02-02', 13),
(29, 2, 0, '2015-02-02', 14),
(30, 3, 0, '2015-02-02', 15),
(31, 10, 7, '2015-02-03', 1),
(32, 25, 4, '2015-02-03', 2),
(33, 12, 7, '2015-02-03', 3),
(34, 10, 4, '2015-02-03', 4),
(35, 9, 2, '2015-02-03', 5),
(36, 7, 5, '2015-02-03', 6),
(37, 7, 8, '2015-02-03', 7),
(38, 8, 3, '2015-02-03', 8),
(39, 30, 3, '2015-02-03', 9),
(40, 12, 3, '2015-02-03', 10),
(41, 30, 0, '2015-02-03', 11),
(42, 6, 2, '2015-02-03', 12),
(43, 2, 10, '2015-02-03', 13),
(44, 2, 8, '2015-02-03', 14),
(45, 2, 15, '2015-02-03', 15),
(46, 10, 5, '2015-02-04', 1),
(47, 25, 8, '2015-02-04', 2),
(48, 12, 8, '2015-02-04', 3),
(49, 10, 2, '2015-02-04', 4),
(50, 9, 0, '2015-02-04', 5),
(51, 7, 7, '2015-02-04', 6),
(52, 7, 12, '2015-02-04', 7),
(53, 8, 2, '2015-02-04', 8),
(54, 30, 1, '2015-02-04', 9),
(55, 12, 4, '2015-02-04', 10),
(56, 30, 1, '2015-02-04', 11),
(57, 6, 3, '2015-02-04', 12),
(58, 2, 16, '2015-02-04', 13),
(59, 2, 8, '2015-02-04', 14),
(60, 2, 12, '2015-02-04', 15),
(61, 10, 10, '2015-02-05', 1),
(62, 25, 3, '2015-02-05', 2),
(63, 12, 12, '2015-02-05', 3),
(64, 10, 3, '2015-02-05', 4),
(65, 9, 6, '2015-02-05', 5),
(66, 7, 3, '2015-02-05', 6),
(67, 7, 9, '2015-02-05', 7),
(68, 8, 8, '2015-02-05', 8),
(69, 30, 2, '2015-02-05', 9),
(70, 12, 1, '2015-02-05', 10),
(71, 30, 0, '2015-02-05', 11),
(72, 6, 1, '2015-02-05', 12),
(73, 2, 8, '2015-02-05', 13),
(74, 2, 12, '2015-02-05', 14),
(75, 3, 5, '2015-02-05', 15),
(76, 10, 6, '2015-02-06', 1),
(77, 25, 4, '2015-02-06', 2),
(78, 12, 7, '2015-02-06', 3),
(79, 10, 5, '2015-02-06', 4),
(80, 9, 2, '2015-02-06', 5),
(81, 7, 7, '2015-02-06', 6),
(82, 7, 8, '2015-02-06', 7),
(83, 8, 3, '2015-02-06', 8),
(84, 30, 6, '2015-02-06', 9),
(85, 12, 8, '2015-02-06', 10),
(86, 30, 1, '2015-02-06', 11),
(87, 6, 3, '2015-02-06', 12),
(88, 2, 2, '2015-02-06', 13),
(89, 2, 0, '2015-02-06', 14),
(90, 3, 5, '2015-02-06', 15),
(91, 10, 4, '2015-02-07', 1),
(92, 25, 6, '2015-02-07', 2),
(93, 12, 4, '2015-02-07', 3),
(94, 10, 2, '2015-02-07', 4),
(95, 9, 0, '2015-02-07', 5),
(96, 7, 3, '2015-02-07', 6),
(97, 7, 7, '2015-02-07', 7),
(98, 8, 0, '2015-02-07', 8),
(99, 30, 0, '2015-02-07', 9),
(100, 12, 1, '2015-02-07', 10),
(101, 30, 0, '2015-02-07', 11),
(102, 6, 1, '2015-02-07', 12),
(103, 2, 8, '2015-02-07', 13),
(104, 2, 3, '2015-02-07', 14),
(105, 3, 3, '2015-02-07', 15),
(106, 10, 0, '2015-02-08', 1),
(107, 25, 2, '2015-02-08', 2),
(108, 12, 2, '2015-02-08', 3),
(109, 10, 1, '2015-02-08', 4),
(110, 9, 0, '2015-02-08', 5),
(111, 7, 4, '2015-02-08', 6),
(112, 7, 4, '2015-02-08', 7),
(113, 8, 1, '2015-02-08', 8),
(114, 30, 1, '2015-02-08', 9),
(115, 12, 2, '2015-02-08', 10),
(116, 30, 0, '2015-02-08', 11),
(117, 6, 1, '2015-02-08', 12),
(118, 2, 5, '2015-02-08', 13),
(119, 2, 2, '2015-02-08', 14),
(120, 3, 9, '2015-02-08', 15),
(121, 10, 3, '2015-02-09', 1),
(122, 25, 6, '2015-02-09', 2),
(123, 12, 7, '2015-02-09', 3),
(124, 10, 5, '2015-02-09', 4),
(125, 9, 6, '2015-02-09', 5),
(126, 7, 3, '2015-02-09', 6),
(127, 7, 8, '2015-02-09', 7),
(128, 8, 5, '2015-02-09', 8),
(129, 30, 2, '2015-02-09', 9),
(130, 12, 1, '2015-02-09', 10),
(131, 30, 0, '2015-02-09', 11),
(132, 6, 0, '2015-02-09', 12),
(133, 2, 5, '2015-02-09', 13),
(134, 2, 0, '2015-02-09', 14),
(135, 3, 3, '2015-02-09', 15),
(136, 10, 5, '2015-02-10', 1),
(137, 25, 4, '2015-02-10', 2),
(138, 12, 2, '2015-02-10', 3),
(139, 10, 0, '2015-02-10', 4),
(140, 9, 0, '2015-02-10', 5),
(141, 7, 1, '2015-02-10', 6),
(142, 7, 3, '2015-02-10', 7),
(143, 8, 2, '2015-02-10', 8),
(144, 30, 1, '2015-02-10', 9),
(145, 12, 3, '2015-02-10', 10),
(146, 30, 1, '2015-02-10', 11),
(147, 6, 0, '2015-02-10', 12),
(148, 2, 3, '2015-02-10', 13),
(149, 2, 2, '2015-02-10', 14),
(150, 2, 7, '2015-02-10', 15),
(151, 35, 3, '2015-02-10', 16),
(152, 15, 1, '2015-02-10', 17),
(153, 10, 5, '2015-02-11', 1),
(154, 25, 4, '2015-02-11', 2),
(155, 12, 3, '2015-02-11', 3),
(156, 10, 2, '2015-02-11', 4),
(157, 9, 1, '2015-02-11', 5),
(158, 7, 2, '2015-02-11', 6),
(159, 7, 3, '2015-02-11', 7),
(160, 8, 1, '2015-02-11', 8),
(161, 30, 0, '2015-02-11', 9),
(162, 12, 2, '2015-02-11', 10),
(163, 30, 1, '2015-02-11', 11),
(164, 6, 0, '2015-02-11', 12),
(165, 2, 4, '2015-02-11', 13),
(166, 2, 3, '2015-02-11', 14),
(167, 2, 8, '2015-02-11', 15),
(168, 35, 5, '2015-02-11', 16),
(169, 15, 3, '2015-02-11', 17),
(170, 10, 3, '2015-02-12', 1),
(171, 25, 9, '2015-02-12', 2),
(172, 12, 2, '2015-02-12', 3),
(173, 10, 3, '2015-02-12', 4),
(174, 9, 1, '2015-02-12', 5),
(175, 7, 0, '2015-02-12', 6),
(176, 7, 2, '2015-02-12', 7),
(177, 8, 1, '2015-02-12', 8),
(178, 30, 0, '2015-02-12', 9),
(179, 12, 2, '2015-02-12', 10),
(180, 30, 0, '2015-02-12', 11),
(181, 6, 2, '2015-02-12', 12),
(182, 2, 2, '2015-02-12', 13),
(183, 2, 3, '2015-02-12', 14),
(184, 3, 3, '2015-02-12', 15),
(185, 35, 2, '2015-02-12', 16),
(186, 4, 6, '2015-02-12', 18),
(187, 15, 2, '2015-02-12', 17),
(188, 10, 6, '2015-02-13', 1),
(189, 25, 6, '2015-02-13', 2),
(190, 12, 5, '2015-02-13', 3),
(191, 10, 7, '2015-02-13', 4),
(192, 9, 15, '2015-02-13', 5),
(193, 7, 6, '2015-02-13', 6),
(194, 7, 8, '2015-02-13', 7),
(195, 8, 4, '2015-02-13', 8),
(196, 30, 3, '2015-02-13', 9),
(197, 12, 4, '2015-02-13', 10),
(198, 30, 4, '2015-02-13', 11),
(199, 6, 2, '2015-02-13', 12),
(200, 2, 4, '2015-02-13', 13),
(201, 2, 2, '2015-02-13', 14),
(202, 3, 6, '2015-02-13', 15),
(203, 35, 10, '2015-02-13', 16),
(204, 4, 5, '2015-02-13', 18),
(205, 15, 7, '2015-02-13', 17),
(206, 10, 6, '2015-02-14', 1),
(207, 25, 5, '2015-02-14', 2),
(208, 12, 7, '2015-02-14', 3),
(209, 10, 3, '2015-02-14', 4),
(210, 9, 4, '2015-02-14', 5),
(211, 7, 7, '2015-02-14', 6),
(212, 7, 14, '2015-02-14', 7),
(213, 8, 8, '2015-02-14', 8),
(214, 30, 3, '2015-02-14', 9),
(215, 12, 7, '2015-02-14', 10),
(216, 30, 0, '2015-02-14', 11),
(217, 6, 0, '2015-02-14', 12),
(218, 2, 5, '2015-02-14', 13),
(219, 2, 9, '2015-02-14', 14),
(220, 3, 18, '2015-02-14', 15),
(221, 35, 0, '2015-02-14', 16),
(222, 4, 3, '2015-02-14', 18),
(223, 15, 1, '2015-02-14', 17),
(224, 10, 2, '2015-02-15', 1),
(225, 25, 2, '2015-02-15', 2),
(226, 12, 1, '2015-02-15', 3),
(227, 10, 3, '2015-02-15', 4),
(228, 9, 0, '2015-02-15', 5),
(229, 7, 5, '2015-02-15', 6),
(230, 7, 4, '2015-02-15', 7),
(231, 8, 2, '2015-02-15', 8),
(232, 30, 0, '2015-02-15', 9),
(233, 12, 1, '2015-02-15', 10),
(234, 30, 0, '2015-02-15', 11),
(235, 6, 1, '2015-02-15', 12),
(236, 2, 1, '2015-02-15', 13),
(237, 2, 1, '2015-02-15', 14),
(238, 3, 3, '2015-02-15', 15),
(239, 10, 7, '2015-02-16', 1),
(240, 25, 6, '2015-02-16', 2),
(241, 12, 4, '2015-02-16', 3),
(242, 10, 3, '2015-02-16', 4),
(243, 9, 2, '2015-02-16', 5),
(244, 7, 2, '2015-02-16', 6),
(245, 7, 1, '2015-02-16', 7),
(246, 8, 2, '2015-02-16', 8),
(247, 30, 2, '2015-02-16', 9),
(248, 12, 1, '2015-02-16', 10),
(249, 30, 0, '2015-02-16', 11),
(250, 6, 2, '2015-02-16', 12),
(251, 2, 2, '2015-02-16', 13),
(252, 2, 3, '2015-02-16', 14),
(253, 3, 5, '2015-02-16', 15),
(254, 10, 8, '2015-02-17', 1),
(255, 25, 6, '2015-02-17', 2),
(256, 12, 3, '2015-02-17', 3),
(257, 10, 0, '2015-02-17', 4),
(258, 9, 0, '2015-02-17', 5),
(259, 7, 0, '2015-02-17', 6),
(260, 7, 2, '2015-02-17', 7),
(261, 8, 0, '2015-02-17', 8),
(262, 30, 1, '2015-02-17', 9),
(263, 12, 2, '2015-02-17', 10),
(264, 30, 0, '2015-02-17', 11),
(265, 6, 1, '2015-02-17', 12),
(266, 2, 2, '2015-02-17', 13),
(267, 2, 6, '2015-02-17', 14),
(268, 2, 5, '2015-02-17', 15),
(269, 10, 3, '2015-02-18', 1),
(270, 25, 5, '2015-02-18', 2),
(271, 12, 5, '2015-02-18', 3),
(272, 10, 1, '2015-02-18', 4),
(273, 9, 0, '2015-02-18', 5),
(274, 7, 0, '2015-02-18', 6),
(275, 7, 3, '2015-02-18', 7),
(276, 8, 2, '2015-02-18', 8),
(277, 30, 1, '2015-02-18', 9),
(278, 12, 1, '2015-02-18', 10),
(279, 30, 1, '2015-02-18', 11),
(280, 6, 1, '2015-02-18', 12),
(281, 2, 1, '2015-02-18', 13),
(282, 2, 3, '2015-02-18', 14),
(283, 2, 2, '2015-02-18', 15),
(284, 10, 5, '2015-02-19', 1),
(285, 25, 3, '2015-02-19', 2),
(286, 12, 5, '2015-02-19', 3),
(287, 10, 2, '2015-02-19', 4),
(288, 9, 1, '2015-02-19', 5),
(289, 7, 1, '2015-02-19', 6),
(290, 7, 1, '2015-02-19', 7),
(291, 8, 0, '2015-02-19', 8),
(292, 30, 0, '2015-02-19', 9),
(293, 12, 2, '2015-02-19', 10),
(294, 30, 2, '2015-02-19', 11),
(295, 6, 0, '2015-02-19', 12),
(296, 2, 3, '2015-02-19', 13),
(297, 2, 5, '2015-02-19', 14),
(298, 3, 4, '2015-02-19', 15),
(299, 10, 4, '2015-02-20', 1),
(300, 25, 2, '2015-02-20', 2),
(301, 12, 3, '2015-02-20', 3),
(302, 10, 5, '2015-02-20', 4),
(303, 9, 3, '2015-02-20', 5),
(304, 7, 3, '2015-02-20', 6),
(305, 7, 5, '2015-02-20', 7),
(306, 8, 6, '2015-02-20', 8),
(307, 30, 0, '2015-02-20', 9),
(308, 12, 3, '2015-02-20', 10),
(309, 30, 1, '2015-02-20', 11),
(310, 6, 3, '2015-02-20', 12),
(311, 2, 6, '2015-02-20', 13),
(312, 2, 4, '2015-02-20', 14),
(313, 3, 8, '2015-02-20', 15),
(314, 10, 1, '2015-02-21', 1),
(315, 25, 1, '2015-02-21', 2),
(316, 12, 3, '2015-02-21', 3),
(317, 10, 3, '2015-02-21', 4),
(318, 9, 2, '2015-02-21', 5),
(319, 7, 3, '2015-02-21', 6),
(320, 7, 2, '2015-02-21', 7),
(321, 8, 0, '2015-02-21', 8),
(322, 30, 0, '2015-02-21', 9),
(323, 12, 2, '2015-02-21', 10),
(324, 30, 0, '2015-02-21', 11),
(325, 6, 0, '2015-02-21', 12),
(326, 2, 2, '2015-02-21', 13),
(327, 2, 3, '2015-02-21', 14),
(328, 3, 2, '2015-02-21', 15),
(329, 10, 2, '2015-02-22', 1),
(330, 25, 2, '2015-02-22', 2),
(331, 12, 3, '2015-02-22', 3),
(332, 10, 0, '2015-02-22', 4),
(333, 9, 1, '2015-02-22', 5),
(334, 7, 2, '2015-02-22', 6),
(335, 7, 0, '2015-02-22', 7),
(336, 8, 0, '2015-02-22', 8),
(337, 30, 0, '2015-02-22', 9),
(338, 12, 0, '2015-02-22', 10),
(339, 30, 0, '2015-02-22', 11),
(340, 6, 1, '2015-02-22', 12),
(341, 2, 0, '2015-02-22', 13),
(342, 2, 1, '2015-02-22', 14),
(343, 3, 3, '2015-02-22', 15),
(344, 10, 8, '2015-02-23', 1),
(345, 25, 6, '2015-02-23', 2),
(346, 12, 2, '2015-02-23', 3),
(347, 10, 2, '2015-02-23', 4),
(348, 9, 1, '2015-02-23', 5),
(349, 7, 1, '2015-02-23', 6),
(350, 7, 3, '2015-02-23', 7),
(351, 8, 0, '2015-02-23', 8),
(352, 30, 2, '2015-02-23', 9),
(353, 12, 1, '2015-02-23', 10),
(354, 30, 0, '2015-02-23', 11),
(355, 6, 0, '2015-02-23', 12),
(356, 2, 2, '2015-02-23', 13),
(357, 2, 1, '2015-02-23', 14),
(358, 3, 3, '2015-02-23', 15),
(359, 10, 4, '2015-02-24', 1),
(360, 25, 2, '2015-02-24', 2),
(361, 12, 6, '2015-02-24', 3),
(362, 10, 1, '2015-02-24', 4),
(363, 9, 2, '2015-02-24', 5),
(364, 7, 1, '2015-02-24', 6),
(365, 7, 2, '2015-02-24', 7),
(366, 8, 1, '2015-02-24', 8),
(367, 30, 1, '2015-02-24', 9),
(368, 12, 2, '2015-02-24', 10),
(369, 30, 0, '2015-02-24', 11),
(370, 6, 1, '2015-02-24', 12),
(371, 2, 5, '2015-02-24', 13),
(372, 2, 3, '2015-02-24', 14),
(373, 2, 7, '2015-02-24', 15),
(374, 10, 8, '2015-02-25', 1),
(375, 25, 6, '2015-02-25', 2),
(376, 12, 7, '2015-02-25', 3),
(377, 10, 5, '2015-02-25', 4),
(378, 9, 4, '2015-02-25', 5),
(379, 7, 6, '2015-02-25', 6),
(380, 7, 8, '2015-02-25', 7),
(381, 8, 5, '2015-02-25', 8),
(382, 30, 3, '2015-02-25', 9),
(383, 12, 7, '2015-02-25', 10),
(384, 30, 1, '2015-02-25', 11),
(385, 6, 4, '2015-02-25', 12),
(386, 2, 2, '2015-02-25', 13),
(387, 2, 8, '2015-02-25', 14),
(388, 2, 5, '2015-02-25', 15),
(389, 10, 8, '2015-02-26', 1),
(390, 25, 8, '2015-02-26', 2),
(391, 12, 5, '2015-02-26', 3),
(392, 10, 3, '2015-02-26', 4),
(393, 9, 7, '2015-02-26', 5),
(394, 7, 3, '2015-02-26', 6),
(395, 7, 7, '2015-02-26', 7),
(396, 8, 4, '2015-02-26', 8),
(397, 30, 3, '2015-02-26', 9),
(398, 12, 8, '2015-02-26', 10),
(399, 30, 0, '2015-02-26', 11),
(400, 6, 3, '2015-02-26', 12),
(401, 2, 2, '2015-02-26', 13),
(402, 2, 3, '2015-02-26', 14),
(403, 3, 1, '2015-02-26', 15),
(404, 10, 8, '2015-02-27', 1),
(405, 25, 5, '2015-02-27', 2),
(406, 12, 3, '2015-02-27', 3),
(407, 10, 12, '2015-02-27', 4),
(408, 9, 9, '2015-02-27', 5),
(409, 7, 6, '2015-02-27', 6),
(410, 7, 18, '2015-02-27', 7),
(411, 8, 3, '2015-02-27', 8),
(412, 30, 4, '2015-02-27', 9),
(413, 12, 12, '2015-02-27', 10),
(414, 30, 5, '2015-02-27', 11),
(415, 6, 3, '2015-02-27', 12),
(416, 2, 1, '2015-02-27', 13),
(417, 2, 3, '2015-02-27', 14),
(418, 3, 1, '2015-02-27', 15),
(419, 10, 3, '2015-02-28', 1),
(420, 25, 2, '2015-02-28', 2),
(421, 12, 4, '2015-02-28', 3),
(422, 10, 5, '2015-02-28', 4),
(423, 9, 6, '2015-02-28', 5),
(424, 7, 3, '2015-02-28', 6),
(425, 7, 4, '2015-02-28', 7),
(426, 8, 6, '2015-02-28', 8),
(427, 30, 2, '2015-02-28', 9),
(428, 12, 9, '2015-02-28', 10),
(429, 30, 4, '2015-02-28', 11),
(430, 6, 7, '2015-02-28', 12),
(431, 2, 6, '2015-02-28', 13),
(432, 2, 8, '2015-02-28', 14),
(433, 3, 8, '2015-02-28', 15),
(434, 10, 4, '2015-01-03', 1),
(435, 25, 3, '2015-01-03', 2),
(436, 12, 3, '2015-01-03', 3),
(437, 10, 5, '2015-01-03', 4),
(438, 9, 4, '2015-01-03', 5),
(439, 7, 2, '2015-01-03', 6),
(440, 7, 3, '2015-01-03', 7),
(441, 8, 0, '2015-01-03', 8),
(442, 30, 1, '2015-01-03', 9),
(443, 12, 4, '2015-01-03', 10),
(444, 30, 3, '2015-01-03', 11),
(445, 6, 6, '2015-01-03', 12),
(446, 2, 4, '2015-01-03', 13),
(447, 2, 5, '2015-01-03', 14),
(448, 3, 12, '2015-01-03', 15);

-- --------------------------------------------------------

--
-- Table structure for table `stock_purchases_csv`
--

CREATE TABLE IF NOT EXISTS `stock_purchases_csv` (
  `shop` varchar(45) NOT NULL,
  `date` date NOT NULL,
  `item` varchar(45) NOT NULL,
  `quantity` int(11) NOT NULL,
  `cost` decimal(10,2) NOT NULL,
  `total_cost` decimal(10,2) NOT NULL
) ENGINE=InnoDB DEFAULT CHARSET=latin1;

--
-- Dumping data for table `stock_purchases_csv`
--

INSERT INTO `stock_purchases_csv` (`shop`, `date`, `item`, `quantity`, `cost`, `total_cost`) VALUES
('Makro', '2015-01-23', 'Chakalaka Can', 3, 7.00, 21.00),
('Makro', '2015-01-23', 'Coke 500ml', 3, 3.50, 10.50),
('Makro', '2015-01-23', 'Cream Soda 500ml', 4, 4.50, 18.00),
('Makro', '2015-01-23', 'Fanta 500ml', 2, 4.50, 9.00),
('Makro', '2015-01-23', 'Gold Dish Vegetable Curry Can', 2, 5.00, 10.00),
('Makro', '2015-01-23', 'Imasi', 1, 17.00, 17.00),
('Makro', '2015-01-23', 'Iwisa Pap 5kg', 3, 20.00, 60.00),
('Makro', '2015-01-23', 'Milk 1l', 4, 7.00, 28.00),
('Makro', '2015-01-23', 'Top Class Soy Mince', 5, 8.00, 40.00),
('Epping Market', '2015-01-28', 'Bananas - loose', 4, 1.00, 4.00),
('Epping Market', '2015-01-28', 'Apples - loose', 10, 1.50, 15.00),
('Epping Market', '2015-01-28', 'Mixed Sweets 5s', 60, 3.00, 180.00),
('HomeMade', '2015-01-28', 'Shampoo 1 litre', 1, 20.00, 20.00),
('HomeMade', '2015-01-28', 'Soap Bar', 3, 3.00, 9.00),
('Makro', '2015-01-28', 'Bread', 30, 9.00, 270.00),
('Makro', '2015-01-28', 'Chakalaka Can', 15, 7.00, 105.00),
('Makro', '2015-01-28', 'Coke 500ml', 36, 3.50, 126.00),
('Makro', '2015-01-28', 'Cream Soda 500ml', 24, 4.50, 108.00),
('Makro', '2015-01-28', 'Fanta 500ml', 24, 4.50, 108.00),
('Makro', '2015-01-28', 'Gold Dish Vegetable Curry Can', 15, 5.00, 75.00),
('Makro', '2015-01-28', 'Imasi', 15, 17.00, 255.00),
('Makro', '2015-01-28', 'Iwisa Pap 5kg', 15, 20.00, 300.00),
('Makro', '2015-01-28', 'Milk 1l', 25, 7.00, 175.00),
('Makro', '2015-01-28', 'Top Class Soy Mince', 10, 8.00, 80.00),
('HomeMade', '2015-02-02', 'Shampoo 1 litre', 1, 20.00, 20.00),
('HomeMade', '2015-02-02', 'Soap Bar', 3, 3.00, 9.00),
('Epping Market', '2015-02-03', 'Bananas - loose', 12, 1.00, 12.00),
('Epping Market', '2015-02-03', 'Apples - loose', 100, 1.50, 150.00),
('Epping Market', '2015-02-03', 'Mixed Sweets 5s', 240, 3.00, 720.00),
('HomeMade', '2015-02-04', 'Shampoo 1 litre', 2, 20.00, 40.00),
('HomeMade', '2015-02-04', 'Soap Bar', 5, 3.00, 15.00),
('Joe Spaza Shop', '2015-02-04', 'Bread', 4, 11.00, 44.00),
('Joe Spaza Shop', '2015-02-04', 'Imasi', 4, 24.00, 96.00),
('Epping Market', '2015-02-06', 'Bananas - loose', 8, 1.00, 8.00),
('Epping Market', '2015-02-06', 'Apples - loose', 100, 1.50, 150.00),
('Epping Market', '2015-02-06', 'Mixed Sweets 5s', 150, 3.00, 450.00),
('HomeMade', '2015-02-06', 'Soap Bar', 5, 3.00, 15.00),
('Makro', '2015-02-06', 'Bread', 30, 9.00, 270.00),
('Makro', '2015-02-06', 'Chakalaka Can', 15, 7.00, 105.00),
('Makro', '2015-02-06', 'Coke 500ml', 36, 3.50, 126.00),
('Makro', '2015-02-06', 'Cream Soda 500ml', 18, 4.50, 81.00),
('Makro', '2015-02-06', 'Fanta 500ml', 24, 4.50, 108.00),
('Makro', '2015-02-06', 'Gold Dish Vegetable Curry Can', 15, 5.00, 75.00),
('Makro', '2015-02-06', 'Imasi', 25, 17.00, 425.00),
('Makro', '2015-02-06', 'Iwisa Pap 5kg', 5, 20.00, 100.00),
('Makro', '2015-02-06', 'Milk 1l', 10, 7.00, 70.00),
('Makro', '2015-02-06', 'Top Class Soy Mince', 10, 8.00, 80.00),
('ChinaTown', '2015-02-09', 'Rose (plastic)', 20, 10.00, 200.00),
('Joe Spaza Shop', '2015-02-09', 'Milk 1l', 3, 9.50, 28.50),
('Epping Market', '2015-02-10', 'Bananas - loose', 4, 1.00, 4.00),
('Epping Market', '2015-02-10', 'Apples - loose', 20, 1.50, 30.00),
('Epping Market', '2015-02-10', 'Mixed Sweets 5s', 150, 3.00, 450.00),
('Makro', '2015-02-10', 'Bread', 10, 9.00, 90.00),
('Makro', '2015-02-10', 'Chakalaka Can', 15, 7.00, 105.00),
('Makro', '2015-02-10', 'Coke 500ml', 18, 3.50, 63.00),
('Makro', '2015-02-10', 'Gold Dish Vegetable Curry Can', 5, 5.00, 25.00),
('Makro', '2015-02-10', 'Heart Chocolates', 20, 25.00, 500.00),
('Makro', '2015-02-10', 'Imasi', 10, 17.00, 170.00),
('Makro', '2015-02-10', 'Iwisa Pap 5kg', 5, 20.00, 100.00),
('Makro', '2015-02-10', 'Milk 1l', 10, 7.00, 70.00),
('Makro', '2015-02-10', 'Top Class Soy Mince', 15, 8.00, 120.00),
('HomeMade', '2015-02-11', 'Shampoo 1 litre', 2, 20.00, 40.00),
('HomeMade', '2015-02-11', 'Valentine Cards', 20, 2.00, 40.00),
('Joe Spaza Shop', '2015-02-12', 'Milk 1l', 3, 9.50, 28.50),
('Epping Market', '2015-02-13', 'Bananas - loose', 4, 1.00, 4.00),
('Epping Market', '2015-02-13', 'Mixed Sweets 5s', 50, 3.00, 150.00),
('HomeMade', '2015-02-13', 'Shampoo 1 litre', 3, 20.00, 60.00),
('HomeMade', '2015-02-13', 'Soap Bar', 5, 3.00, 15.00),
('Joe Spaza Shop', '2015-02-13', 'Gold Dish Vegetable Curry Can', 5, 8.50, 42.50),
('Makro', '2015-02-13', 'Bread', 5, 9.00, 45.00),
('Makro', '2015-02-13', 'Coke 500ml', 12, 3.50, 42.00),
('Makro', '2015-02-13', 'Fanta 500ml', 12, 4.50, 54.00),
('Makro', '2015-02-13', 'Imasi', 20, 17.00, 340.00),
('Makro', '2015-02-13', 'Milk 1l', 15, 7.00, 105.00),
('Makro', '2015-02-13', 'Top Class Soy Mince', 5, 8.00, 40.00),
('HomeMade', '2015-02-14', 'Shampoo 1 litre', 1, 20.00, 20.00),
('Joe Spaza Shop', '2015-02-14', 'Gold Dish Vegetable Curry Can', 2, 8.50, 17.00),
('Joe Spaza Shop', '2015-02-16', 'Chakalaka Can', 2, 8.50, 17.00),
('Joe Spaza Shop', '2015-02-16', 'Cream Soda 500ml', 2, 7.50, 15.00),
('Joe Spaza Shop', '2015-02-16', 'Fanta 500ml', 1, 6.50, 6.50),
('Joe Spaza Shop', '2015-02-16', 'Gold Dish Vegetable Curry Can', 2, 8.50, 17.00),
('Joe Spaza Shop', '2015-02-16', 'Iwisa Pap 5kg', 1, 30.00, 30.00),
('Joe Spaza Shop', '2015-02-16', 'Milk 1l', 6, 9.50, 57.00),
('Epping Market', '2015-02-17', 'Apples - loose', 60, 1.50, 90.00),
('Epping Market', '2015-02-17', 'Mixed Sweets 5s', 12, 3.00, 36.00),
('Makro', '2015-02-17', 'Bread', 15, 9.00, 135.00),
('Makro', '2015-02-17', 'Chakalaka Can', 10, 7.00, 70.00),
('Makro', '2015-02-17', 'Coke 500ml', 24, 3.50, 84.00),
('Makro', '2015-02-17', 'Cream Soda 500ml', 12, 4.50, 54.00),
('Makro', '2015-02-17', 'Fanta 500ml', 12, 4.50, 54.00),
('Makro', '2015-02-17', 'Gold Dish Vegetable Curry Can', 10, 5.00, 50.00),
('Makro', '2015-02-17', 'Imasi', 15, 17.00, 255.00),
('Makro', '2015-02-17', 'Iwisa Pap 5kg', 5, 20.00, 100.00),
('Makro', '2015-02-17', 'Milk 1l', 15, 7.00, 105.00),
('Makro', '2015-02-17', 'Top Class Soy Mince', 5, 8.00, 40.00),
('HomeMade', '2015-02-18', 'Shampoo 1 litre', 1, 20.00, 20.00),
('HomeMade', '2015-02-18', 'Soap Bar', 5, 3.00, 15.00),
('HomeMade', '2015-02-19', 'Shampoo 1 litre', 2, 20.00, 40.00),
('Joe Spaza Shop', '2015-02-19', 'Milk 1l', 1, 9.50, 9.50),
('Epping Market', '2015-02-20', 'Bananas - loose', 20, 1.00, 20.00),
('Epping Market', '2015-02-20', 'Apples - loose', 90, 1.50, 135.00),
('Epping Market', '2015-02-20', 'Mixed Sweets 5s', 20, 3.00, 60.00),
('HomeMade', '2015-02-20', 'Shampoo 1 litre', 2, 20.00, 40.00),
('HomeMade', '2015-02-20', 'Soap Bar', 3, 3.00, 9.00),
('Makro', '2015-02-20', 'Bread', 10, 9.00, 90.00),
('Makro', '2015-02-20', 'Imasi', 10, 17.00, 170.00),
('Makro', '2015-02-20', 'Iwisa Pap 5kg', 5, 20.00, 100.00),
('Makro', '2015-02-20', 'Milk 1l', 15, 7.00, 105.00),
('Makro', '2015-02-20', 'Top Class Soy Mince', 10, 8.00, 80.00),
('Joe Spaza Shop', '2015-02-23', 'Chakalaka Can', 3, 9.00, 27.00),
('Epping Market', '2015-02-24', 'Bananas - loose', 10, 1.00, 10.00),
('Epping Market', '2015-02-24', 'Apples - loose', 90, 1.50, 135.00),
('Epping Market', '2015-02-24', 'Mixed Sweets 5s', 8, 3.00, 24.00),
('Makro', '2015-02-24', 'Bread', 15, 9.00, 135.00),
('Makro', '2015-02-24', 'Chakalaka Can', 10, 7.00, 70.00),
('Makro', '2015-02-24', 'Coke 500ml', 18, 3.50, 63.00),
('Makro', '2015-02-24', 'Cream Soda 500ml', 6, 4.50, 27.00),
('Makro', '2015-02-24', 'Fanta 500ml', 6, 4.50, 27.00),
('Makro', '2015-02-24', 'Gold Dish Vegetable Curry Can', 10, 5.00, 50.00),
('Makro', '2015-02-24', 'Imasi', 15, 17.00, 255.00),
('Makro', '2015-02-24', 'Milk 1l', 20, 7.00, 140.00),
('Makro', '2015-02-24', 'Top Class Soy Mince', 15, 8.00, 120.00),
('HomeMade', '2015-02-25', 'Soap Bar', 5, 3.00, 15.00),
('HomeMade', '2015-02-26', 'Shampoo 1 litre', 2, 20.00, 40.00),
('HomeMade', '2015-02-26', 'Soap Bar', 5, 3.00, 15.00),
('Joe Spaza Shop', '2015-02-26', 'Bread', 1, 11.00, 11.00),
('Joe Spaza Shop', '2015-02-26', 'Fanta 500ml', 2, 6.50, 13.00),
('Joe Spaza Shop', '2015-02-26', 'Gold Dish Vegetable Curry Can', 1, 8.50, 8.50),
('Joe Spaza Shop', '2015-02-26', 'Iwisa Pap 5kg', 1, 30.00, 30.00),
('Epping Market', '2015-02-27', 'Bananas - loose', 10, 1.00, 10.00),
('Epping Market', '2015-02-27', 'Apples - loose', 60, 1.50, 90.00),
('HomeMade', '2015-02-27', 'Shampoo 1 litre', 5, 20.00, 100.00),
('HomeMade', '2015-02-27', 'Soap Bar', 5, 3.00, 15.00),
('Makro', '2015-02-27', 'Bread', 20, 9.00, 180.00),
('Makro', '2015-02-27', 'Chakalaka Can', 15, 7.00, 105.00),
('Makro', '2015-02-27', 'Coke 500ml', 24, 3.50, 84.00),
('Makro', '2015-02-27', 'Cream Soda 500ml', 12, 4.50, 54.00),
('Makro', '2015-02-27', 'Fanta 500ml', 12, 4.50, 54.00),
('Makro', '2015-02-27', 'Gold Dish Vegetable Curry Can', 15, 5.00, 75.00),
('Makro', '2015-02-27', 'Imasi', 15, 17.00, 255.00),
('Makro', '2015-02-27', 'Iwisa Pap 5kg', 10, 20.00, 200.00),
('Makro', '2015-02-27', 'Milk 1l', 20, 7.00, 140.00),
('Makro', '2015-02-27', 'Top Class Soy Mince', 15, 8.00, 120.00),
('HomeMade', '2015-02-28', 'Shampoo 1 litre', 2, 20.00, 40.00),
('HomeMade', '2015-02-28', 'Soap Bar', 3, 3.00, 9.00),
('Joe Spaza Shop', '2015-02-28', 'Chakalaka Can', 3, 8.50, 25.50),
('Joe Spaza Shop', '2015-02-28', 'Gold Dish Vegetable Curry Can', 2, 8.50, 17.00),
('Joe Spaza Shop', '2015-02-28', 'Top Class Soy Mince', 5, 11.00, 55.00),
('HomeMade', '2015-03-01', 'Shampoo 1 litre', 2, 20.00, 40.00),
('HomeMade', '2015-03-01', 'Soap Bar', 5, 3.00, 15.00),
('Joe Spaza Shop', '2015-03-01', 'Chakalaka Can', 3, 8.50, 25.50),
('Joe Spaza Shop', '2015-03-01', 'Gold Dish Vegetable Curry Can', 2, 8.50, 17.00),
('Joe Spaza Shop', '2015-03-01', 'Top Class Soy Mince', 3, 11.00, 33.00);

-- --------------------------------------------------------

--
-- Table structure for table `suppliers`
--

CREATE TABLE IF NOT EXISTS `suppliers` (
  `id` int(11) NOT NULL AUTO_INCREMENT,
  `suppliers_name` char(100) DEFAULT NULL,
  PRIMARY KEY (`id`)
) ENGINE=InnoDB  DEFAULT CHARSET=latin1 AUTO_INCREMENT=18 ;

--
-- Dumping data for table `suppliers`
--

INSERT INTO `suppliers` (`id`, `suppliers_name`) VALUES
(1, 'Makro'),
(2, 'Epping Market'),
(3, 'HomeMade'),
(4, 'Joe Spaza Shop'),
(5, 'ChinaTown'),
(15, 'Nolitha''s sheep Store'),
(17, 'Pick n Pay');

-- --------------------------------------------------------

--
-- Table structure for table `UserRoles`
--

CREATE TABLE IF NOT EXISTS `UserRoles` (
  `id` int(11) NOT NULL AUTO_INCREMENT,
  `username` varchar(100) DEFAULT NULL,
  `password` varchar(100) DEFAULT NULL,
  `user_roles` varchar(100) DEFAULT NULL,
  PRIMARY KEY (`id`)
) ENGINE=InnoDB  DEFAULT CHARSET=latin1 AUTO_INCREMENT=13 ;

--
-- Dumping data for table `UserRoles`
--

INSERT INTO `UserRoles` (`id`, `username`, `password`, `user_roles`) VALUES
(12, 'Nelisa', '$2a$10$UGkOvBaLt49O1RLQlQZszefi.u/wEfTo5obhjNebxeLDd.8JbK/8e', 'normal user');

--
-- Constraints for dumped tables
--

--
-- Constraints for table `purchases`
--
ALTER TABLE `purchases`
  ADD CONSTRAINT `purchases_ibfk_1` FOREIGN KEY (`product_id`) REFERENCES `products` (`id`),
  ADD CONSTRAINT `purchases_ibfk_2` FOREIGN KEY (`supplier_id`) REFERENCES `suppliers` (`id`);

--
-- Constraints for table `sales_table`
--
ALTER TABLE `sales_table`
  ADD CONSTRAINT `sales_table_ibfk_1` FOREIGN KEY (`product_id`) REFERENCES `products` (`id`);

/*!40101 SET CHARACTER_SET_CLIENT=@OLD_CHARACTER_SET_CLIENT */;
/*!40101 SET CHARACTER_SET_RESULTS=@OLD_CHARACTER_SET_RESULTS */;
/*!40101 SET COLLATION_CONNECTION=@OLD_COLLATION_CONNECTION */;
